City_ID,City,Lat,Lng,Max Temp,Humidity,Cloudiness,Wind Speed,Country,Date
0,iqaluit,63.7506,-68.5145,0.85,93,100,1.03,CA,1749178894
1,barkhan,29.8977,69.5256,29.14,30,0,0.49,PK,1749179067
2,nikolayevsk-on-amure,53.1406,140.73,3.5,100,100,1.94,RU,1749179068
3,port-aux-francais,-49.35,70.2167,1.53,61,100,13.62,TF,1749179069
4,hithadhoo,-0.6,73.0833,29.17,70,98,3.97,MV,1749178910
5,tiksi,71.6872,128.8694,-0.36,71,73,3.79,RU,1749179071
6,pisco,-13.7,-76.2167,17.03,82,100,5.66,PE,1749179072
7,wanning,18.8003,110.3967,31.22,68,59,3.74,CN,1749179074
8,wanxian,30.8039,108.3897,24.83,86,100,0.95,CN,1749179075
9,ilulissat,69.2167,-51.1,2.01,87,100,1.54,GL,1749179076
10,klaksvik,62.2266,-6.589,7.35,85,67,8.81,FO,1749179077
11,goba,7.0167,39.9833,9.92,84,69,2.22,ET,1749179078
12,ribeira grande,38.5167,-28.7,18.76,89,100,6.14,PT,1749179079
13,badger,64.8,-147.5333,10.0,73,100,0.45,US,1749179080
14,ushuaia,-54.8,-68.3,3.81,87,40,7.2,AR,1749179083
15,blackmans bay,-43.0167,147.3167,10.07,61,100,4.41,AU,1749179084
16,fale old settlement,-9.3852,-171.2468,28.53,69,67,5.11,TK,1749179085
17,atafu village,-8.5421,-172.5159,28.3,77,100,5.51,TK,1749179086
18,bethel,41.3712,-73.414,23.32,78,100,1.46,US,1749179089
19,wailua homesteads,22.0669,-159.378,24.51,83,86,1.79,US,1749179090
20,pitimbu,-7.4706,-34.8086,25.24,83,20,4.19,BR,1749179092
21,anadyr,64.75,177.4833,10.28,46,0,5.0,RU,1749179094
22,trat,12.5,102.5,30.68,84,91,1.63,TH,1749179095
23,isafjordur,66.0755,-23.124,0.76,68,87,2.72,IS,1749179096
24,brooks,50.5834,-111.8851,22.99,27,13,3.6,CA,1749179097
25,grytviken,-54.2811,-36.5092,1.18,99,99,4.67,GS,1749179098
26,puerto natales,-51.7236,-72.4875,5.69,91,99,2.58,CL,1749179099
27,bredasdorp,-34.5322,20.0403,10.01,88,58,2.6,ZA,1749179100
28,nushki,29.5542,66.0215,31.11,18,0,2.39,PK,1749179102
29,aswan,24.0934,32.907,26.61,15,0,2.06,EG,1749179103
30,hengchun,22.0042,120.7439,29.77,78,74,2.85,TW,1749179105
31,adamstown,-25.066,-130.1015,20.73,62,72,9.44,PN,1749179106
32,hasanbeyli,37.1372,36.5593,15.03,54,0,1.19,TR,1749179107
33,vorgashor,67.5833,63.95,-0.31,93,100,4.57,RU,1749179109
34,la ronge,55.1001,-105.2842,16.14,44,100,4.63,CA,1749179110
35,guadalupe,25.6833,-100.25,30.73,62,20,8.75,MX,1749179111
36,st. john's,47.5649,-52.7093,16.66,100,100,6.17,CA,1749179112
37,yellowknife,62.456,-114.3525,18.29,48,40,5.14,CA,1749179113
38,waitangi,-43.9535,-176.5597,11.54,77,100,12.07,NZ,1749179114
39,edinburgh of the seven seas,-37.0676,-12.3116,13.02,61,75,7.11,SH,1749179115
40,carnarvon,-24.8667,113.6333,22.22,48,0,6.95,AU,1749179116
41,puerto ayora,-0.7393,-90.3518,23.64,97,0,3.56,EC,1749179118
42,timimoun,29.2639,0.231,30.21,25,0,6.69,DZ,1749179119
43,dunedin,-45.8742,170.5036,6.0,99,99,4.47,NZ,1749179120
44,omdurman,15.6445,32.4777,30.33,13,8,4.75,SD,1749179121
45,haiku-pauwela,20.9219,-156.3051,26.25,73,99,11.62,US,1749179122
46,hadibu,12.65,54.0333,27.13,81,100,5.63,YE,1749179123
47,santa ana,33.7456,-117.8678,20.07,74,20,3.09,US,1749178976
48,shalqar,47.8333,59.6,27.28,24,99,3.13,KZ,1749179126
49,waingapu,-9.6567,120.2641,29.36,66,18,6.26,ID,1749179127
50,west island,-12.1568,96.8225,26.99,89,75,6.69,CC,1749179129
51,kalmunai,7.4167,81.8167,28.68,78,55,2.91,LK,1749179130
52,mahdia,35.5047,11.0622,21.04,76,1,2.88,TN,1749179132
53,nar'yan-mar,67.6713,53.087,6.88,67,0,4.57,RU,1749179133
54,kapa'a,22.0752,-159.319,25.26,83,89,1.79,US,1749178953
55,albany,42.6001,-73.9662,22.51,99,98,1.88,US,1749179115
56,kachug,53.9606,105.8817,18.62,29,68,1.22,RU,1749179136
57,ambalangoda,6.2355,80.0538,28.49,80,1,5.29,LK,1749179137
58,fortaleza,-3.7227,-38.5247,27.9,83,40,4.63,BR,1749179101
59,coquimbo,-29.9533,-71.3436,11.85,93,100,0.0,CL,1749179036
60,lipova,46.0833,21.7,19.04,94,1,2.11,RO,1749179141
61,yemetsk,63.4721,41.7941,14.2,68,92,2.58,RU,1749179142
62,thompson,55.7435,-97.8558,12.09,47,75,2.06,CA,1749179143
63,itaituba,-4.2761,-55.9836,25.45,81,100,0.81,BR,1749179144
64,kulhudhuffushi,6.6221,73.07,28.22,78,23,6.0,MV,1749179145
65,invercargill,-46.4,168.35,6.12,91,100,3.13,NZ,1749179146
66,longyearbyen,78.2186,15.6401,2.91,75,75,6.17,SJ,1749178982
67,gaspe,48.8334,-64.4819,14.12,94,100,1.03,CA,1749179149
68,port mathurin,-19.6833,63.4167,24.32,68,12,7.56,MU,1749179150
69,stanley,54.868,-1.6985,6.96,90,94,1.03,GB,1749179151
70,torre de moncorvo,41.1792,-7.0358,12.62,90,84,1.06,PT,1749179152
71,dubbo,-32.25,148.6167,16.07,55,100,2.06,AU,1749179153
72,howrah,22.5892,88.3103,31.0,79,40,2.06,IN,1749179154
73,vadso,70.0744,29.7487,11.09,87,20,3.6,NO,1749179155
74,whitehorse,60.7161,-135.0538,14.43,28,75,8.75,CA,1749179156
75,pasni,25.2631,63.471,28.59,72,96,2.95,PK,1749179158
76,aguas formosas,-17.0822,-40.9358,18.93,80,0,1.4,BR,1749179160
77,tralee,52.2704,-9.7026,9.05,88,23,4.45,IE,1749178953
78,chambly,45.4501,-73.2825,20.77,66,0,2.06,CA,1749179162
79,qaqortoq,60.7167,-46.0333,1.41,94,73,1.91,GL,1749179163
80,dudinka,69.4058,86.1778,17.4,68,60,7.91,RU,1749179164
81,port elizabeth,-33.918,25.5701,14.62,80,0,2.68,ZA,1749179165
82,concepcion del oro,24.6333,-101.4167,17.8,50,4,4.58,MX,1749179166
83,bilibino,68.0546,166.4372,11.02,36,17,1.89,RU,1749179168
84,kodinsk,58.6881,99.1844,24.4,37,43,1.45,RU,1749179169
85,margaret river,-33.95,115.0667,15.77,62,99,1.39,AU,1749179170
86,soderhamn,61.3037,17.0592,10.4,66,100,2.07,SE,1749179171
87,broken hill,-31.95,141.4333,12.23,42,94,9.8,AU,1749179172
88,patnos,39.2336,42.8634,13.21,55,81,0.89,TR,1749179173
89,thisted,56.9552,8.6949,11.63,97,100,4.08,DK,1749179174
90,murwillumbah,-28.3167,153.4,22.87,56,48,3.09,AU,1749179175
91,remire-montjoly,4.9167,-52.2667,25.02,100,75,0.51,GF,1749179177
92,uturoa,-16.7333,-151.4333,27.07,75,96,6.54,PF,1749179178
93,gizo,-8.103,156.8419,27.56,81,66,7.71,SB,1749179179
94,lihue,21.9789,-159.3672,26.77,69,20,5.66,US,1749179180
95,klyuchi,52.2667,79.1667,23.46,46,0,6.03,RU,1749179181
96,yopal,5.3378,-72.3959,20.78,95,85,1.09,CO,1749179183
97,sivagiri,9.3333,77.4333,29.77,60,97,1.09,IN,1749179184
98,quellon,-43.1167,-73.6167,7.35,83,7,2.42,CL,1749179185
99,simaria,24.8,81.15,33.9,26,0,1.94,IN,1749179186
100,arraial do cabo,-22.9661,-42.0278,22.75,86,100,8.45,BR,1749179187
101,villa gesell,-37.2639,-56.973,7.78,68,0,5.94,AR,1749179188
102,mtskheta,41.8451,44.7188,18.05,75,55,1.81,GE,1749179189
103,teuva,62.4819,21.7416,9.21,81,60,2.61,FI,1749179190
104,korla,41.7597,86.1469,29.66,15,100,1.03,CN,1749179192
105,petropavlovsk-kamchatsky,53.0452,158.6483,6.33,87,75,3.0,RU,1749179193
106,kodiak,57.79,-152.4072,11.73,62,0,3.6,US,1749179194
107,revelstoke,50.9832,-118.2023,27.01,32,40,1.03,CA,1749179195
108,port lincoln,-34.7333,135.8667,15.84,50,2,12.93,AU,1749179197
109,afaahiti,-17.75,-149.2833,25.38,78,43,7.44,PF,1749179198
110,jamestown,42.097,-79.2353,18.8,100,100,2.57,US,1749179201
111,tofol,5.3248,163.0078,30.88,70,75,2.57,FM,1749179202
112,antsiranana,-12.2787,49.2917,23.98,62,64,6.5,MG,1749179203
113,cherepovets,59.1333,37.9,13.9,100,40,1.0,RU,1749179204
114,biltine,14.5333,20.9167,27.52,12,7,4.14,TD,1749179206
115,ulan bator,47.9077,106.8832,18.07,24,0,4.0,MN,1749179207
116,port alfred,-33.5906,26.891,14.83,69,1,5.66,ZA,1749179208
117,wynyard,-41.0,145.7167,11.64,81,100,6.81,AU,1749179209
118,tabou,4.423,-7.3528,24.06,91,90,0.1,CI,1749179210
119,floro,61.5996,5.0328,9.98,76,100,7.2,NO,1749179211
120,murun-kuren,49.6342,100.1625,18.08,44,99,0.38,MN,1749179212
121,kollam,8.8833,76.6,27.31,83,85,4.93,IN,1749179215
122,embi,48.8264,58.1442,24.8,30,99,0.74,KZ,1749179216
123,laminusa,5.5549,120.9136,28.44,72,97,3.94,PH,1749179217
124,alice springs,-23.7,133.8833,23.75,29,0,5.14,AU,1749178952
125,gadzhiyevo,69.2551,33.3362,12.27,75,72,7.84,RU,1749178942
126,ushibukamachi,32.1906,130.0228,25.2,49,70,2.42,JP,1749179220
127,tazovsky,67.4667,78.7,6.48,84,100,5.31,RU,1749179221
128,fortuna,40.5982,-124.1573,12.42,92,100,3.09,US,1749179187
129,nguigmi,14.2495,13.1092,30.1,24,0,3.25,NE,1749179224
130,midelt,32.6852,-4.7451,20.46,36,42,2.72,MA,1749179225
131,muisne,0.6,-80.0333,24.78,85,100,2.38,EC,1749179226
132,lebu,-37.6167,-73.65,9.51,85,0,2.47,CL,1749179227
133,pedernales,18.0384,-71.744,26.84,70,35,3.74,DO,1749179228
134,dawson creek,55.7666,-120.2362,14.97,62,99,8.08,CA,1749179229
135,jutai,-5.1833,-68.9,23.08,99,100,1.36,BR,1749179230
136,touros,-5.1989,-35.4608,24.28,92,48,3.9,BR,1749179232
137,kogalym,62.2654,74.4791,16.87,64,34,2.29,RU,1749179233
138,starobil's'k,49.2783,38.9107,16.29,71,0,1.07,UA,1749179234
139,shaowu,27.3409,117.4831,30.82,53,0,1.39,CN,1749179235
140,watsa,3.0372,29.5355,17.14,98,100,1.36,CD,1749179236
141,sydney,-33.8679,151.2073,17.9,54,0,3.6,AU,1749179237
142,paka,4.6374,103.4368,29.52,83,99,1.78,MY,1749179240
143,grand gaube,-20.0064,57.6608,20.77,84,0,7.38,MU,1749179241
144,college,64.8569,-147.8028,10.05,79,75,4.12,US,1749179242
145,surahammar,59.7072,16.2219,11.59,81,100,2.18,SE,1749179243
146,campoverde,-8.4753,-74.8058,24.83,79,6,1.01,PE,1749179244
147,vilyuchinsk,52.9306,158.4028,7.15,91,100,2.6,RU,1749179245
148,udachny,66.4167,112.4,11.1,42,13,4.56,RU,1749179246
149,port sudan,19.6175,37.2164,27.71,55,13,0.44,SD,1749179247
150,querqueville,49.6625,-1.6912,12.82,94,75,4.12,FR,1749179249
151,novyy urgal,51.0736,132.5642,8.57,80,100,2.2,RU,1749179250
152,tamanrasset,22.785,5.5228,23.95,41,40,6.17,DZ,1749179251
153,pathein,16.7833,94.7333,31.49,63,64,4.24,MM,1749179252
154,onega,63.9061,38.1404,10.77,89,100,3.72,RU,1749179253
155,happy valley-goose bay,53.3168,-60.3315,13.44,81,99,2.7,CA,1749179255
156,tura,25.5198,90.2201,28.64,72,4,1.15,IN,1749179256
157,portland,45.5234,-122.6762,25.86,55,0,4.12,US,1749179086
158,kavieng,-2.5744,150.7967,28.85,70,100,1.89,PG,1749179258
159,hasaki,35.7333,140.8333,22.77,74,61,9.61,JP,1749179259
160,fisterra,42.9049,-9.2629,16.58,90,97,2.87,ES,1749179260
161,sao jose da coroa grande,-8.8978,-35.1478,24.11,84,2,2.69,BR,1749179262
162,zouerate,22.7187,-12.4521,21.02,52,0,5.35,MR,1749179263
163,belyy yar,53.6039,91.3903,22.94,46,0,1.0,RU,1749179264
164,papatowai,-46.5619,169.4708,5.77,87,100,9.15,NZ,1749179265
165,manghit,42.1156,60.0597,22.28,51,100,7.98,UZ,1749179266
166,kasaragod,12.5,75.0,26.61,79,100,2.38,IN,1749179267
167,bodo,67.28,14.405,10.02,69,0,9.26,NO,1749179268
168,poteau,35.0537,-94.6236,25.88,83,0,2.06,US,1749179270
169,hefei,31.8639,117.2808,33.01,49,0,3.0,CN,1749179271
170,adamovka,51.5223,59.9396,20.86,64,100,6.2,RU,1749179272
171,rura,26.4833,79.9,33.9,28,2,1.67,IN,1749179273
172,lianzhou,24.7811,112.3825,29.59,76,78,1.85,CN,1749179274
173,talnakh,69.4865,88.3972,11.92,75,98,6.29,RU,1749179276
174,miyako,39.6367,141.9525,25.23,35,73,3.5,JP,1749179278
175,avarua,-21.2078,-159.775,23.03,83,75,5.14,CK,1749179279
176,hawaiian paradise park,19.5933,-154.9731,25.73,75,100,2.57,US,1749179281
177,ust-nera,64.5667,143.2,19.99,42,99,1.87,RU,1749179282
178,weno,7.4515,151.8468,30.97,70,75,3.09,FM,1749179283
179,howard springs,-12.497,131.047,31.04,61,99,3.15,AU,1749179285
180,colonia,50.9333,6.95,15.63,92,100,4.12,DE,1749179286
181,changzhi,35.2089,111.7386,35.51,20,83,1.3,CN,1749179287
182,yeppoon,-23.1333,150.7333,19.64,71,21,4.51,AU,1749179288
183,georgetown,5.4112,100.3354,28.96,70,20,0.0,MY,1749179289
184,luang prabang,19.8856,102.1347,29.98,74,75,2.06,LA,1749179291
185,east london,-33.0153,27.9116,17.04,54,16,4.85,ZA,1749179292
186,mersing,2.4312,103.8405,26.84,85,100,0.7,MY,1749179293
187,palmer,42.1584,-72.3287,24.4,73,100,1.12,US,1749179294
188,kongolo,-5.3833,27.0,23.23,70,100,0.35,CD,1749179296
189,las heras,-46.5419,-68.9359,4.43,82,40,4.74,AR,1749179297
190,praia,14.9215,-23.5087,23.3,78,20,7.72,CV,1749179298
191,irkutsk,52.2978,104.2964,18.43,39,0,3.0,RU,1749179299
192,barwala,29.3833,75.9167,34.12,30,0,2.92,IN,1749179300
193,gashua,12.871,11.0482,30.42,17,0,3.25,NG,1749179282
194,glace bay,46.1969,-59.957,13.21,77,99,3.58,CA,1749179302
195,huarmey,-10.0681,-78.1522,18.7,86,25,3.79,PE,1749179209
196,lompoc,34.6391,-120.4579,17.61,80,75,3.09,US,1749179305
197,peretu,44.05,25.0833,19.05,83,81,0.5,RO,1749179306
198,shumikha,55.2261,63.2961,15.78,70,81,3.27,RU,1749179307
199,mount isa,-20.7333,139.5,24.87,22,2,3.09,AU,1749179308
200,mount pearl,47.5166,-52.7813,16.29,93,100,6.17,CA,1749179309
201,olyokminsk,60.3736,120.4264,18.45,33,9,3.98,RU,1749179310
202,arusha,-3.3667,36.6833,14.46,90,98,1.88,TZ,1749179311
203,bani walid,31.7566,13.9942,22.73,42,2,3.37,LY,1749179313
204,puerto baquerizo moreno,-0.9,-89.6,23.7,86,13,4.03,EC,1749179314
205,port macquarie,-31.4333,152.9167,19.48,55,49,0.89,AU,1749179315
206,robore,-18.3333,-59.75,21.28,71,37,0.96,BO,1749179316
207,chui,-33.6971,-53.4616,8.0,82,0,1.44,UY,1749179317
208,newman,37.3138,-121.0208,26.69,52,0,2.24,US,1749179039
209,troitskoye,52.9821,84.6757,21.41,62,39,4.18,RU,1749179319
210,sanctuary point,-35.1114,150.629,15.82,47,99,3.97,AU,1749179320
211,elliot lake,46.3834,-82.6331,13.72,63,98,1.76,CA,1749179322
212,shanhaiguan,39.9988,119.7564,29.16,32,20,6.09,CN,1749179323
213,vilyuysk,63.7553,121.6247,7.86,75,100,5.14,RU,1749179324
214,mahalapye,-23.1041,26.8142,10.41,91,0,3.41,BW,1749179325
215,poronaysk,49.2167,143.1167,9.42,78,98,1.99,RU,1749179326
216,nemuro,43.3236,145.575,13.84,75,55,10.95,JP,1749179328
217,cauquenes,-35.9671,-72.3225,9.81,69,0,0.43,CL,1749179329
218,yichang,30.7144,111.2847,31.19,52,93,1.15,CN,1749179330
219,princeville,45.7668,-61.2985,12.09,85,16,2.44,CA,1749179331
220,rasskazovo,52.6714,41.9033,15.24,74,33,1.01,RU,1749179332
221,san patricio,28.017,-97.5169,27.97,83,3,5.48,US,1749179333
222,karratha,-20.7377,116.8463,26.64,34,1,10.75,AU,1749179334
223,northam,51.0333,-4.2167,11.87,91,64,6.83,GB,1749179336
224,nouadhibou,20.931,-17.0347,19.99,77,0,7.72,MR,1749179337
225,huilong,31.8111,121.655,28.67,57,12,7.38,CN,1749179338
226,rio verde de mato grosso,-18.9181,-54.8442,23.18,54,3,1.08,BR,1749179339
227,khemisset,33.6667,-6.25,17.66,77,6,1.78,MA,1749179340
228,al kharj,24.155,47.3346,28.32,16,3,2.89,SA,1749179341
229,aktau,43.65,51.2,20.32,76,87,7.99,KZ,1749179342
230,ataq,14.5377,46.8319,25.35,23,32,2.91,YE,1749179343
231,al ghayzah,16.2079,52.176,28.51,47,72,1.36,YE,1749179345
232,shingu,33.7333,135.9833,26.24,54,100,3.78,JP,1749179346
233,rongelap,11.1635,166.8941,27.56,79,98,4.91,MH,1749179347
234,juneau,58.3019,-134.4197,9.67,91,72,2.7,US,1749179284
235,pandan,14.0453,124.1694,30.14,67,100,0.59,PH,1749179350
236,santo antonio,-6.3106,-35.4789,23.46,95,37,3.3,BR,1749179352
237,zhumysker,49.3333,49.4,17.24,83,97,6.72,KZ,1749179353
238,jogeva,58.7467,26.3939,10.69,91,97,1.27,EE,1749179354
239,jalai nur,49.45,117.7,14.96,52,100,5.36,CN,1749179103
240,cuito,-12.3833,16.9333,9.35,57,0,1.8,AO,1749179356
241,sitges,41.2351,1.8119,21.28,85,6,0.49,ES,1749179357
242,kuqa,41.7278,82.9364,28.82,15,2,0.65,CN,1749179359
243,okhotsk,59.3833,143.3,9.91,61,100,4.94,RU,1749179360
244,cambridge,43.3601,-80.3127,17.1,85,100,2.39,CA,1749179248
245,kununurra,-15.7667,128.7333,28.99,32,10,3.6,AU,1749179120
246,faro,37.0194,-7.9322,21.88,60,0,4.12,PT,1749179363
247,guerrero negro,27.9769,-114.0611,17.36,80,0,7.13,MX,1749179364
248,eyl,7.9803,49.8164,27.35,68,100,7.84,SO,1749179366
249,carbonear,47.7332,-53.2148,15.13,96,75,5.57,CA,1749179367
250,sake,-1.5736,29.045,16.82,95,100,0.41,CD,1749179368
251,kavaratti,10.5669,72.642,28.73,73,100,4.48,IN,1749179369
252,magadan,59.5667,150.8,11.99,60,93,3.32,RU,1749179371
253,zelenogorsk,56.1147,94.5861,22.94,41,10,3.68,RU,1749179373
254,concordia,-31.393,-58.0209,9.88,98,10,1.03,AR,1749179374
255,kourou,5.1552,-52.6478,24.03,94,94,2.02,GF,1749179375
256,brookings,44.3114,-96.7984,15.03,97,100,0.0,US,1749179335
257,i-n-salah,27.1935,2.4607,29.54,27,40,4.96,DZ,1749179377
258,mil'kovo,55.6078,37.7956,17.02,54,79,4.9,RU,1749179378
259,ola,59.5833,151.2833,12.17,61,100,5.1,RU,1749179379
260,reggane,26.7158,0.1714,31.73,16,1,5.95,DZ,1749179123
261,luanda,-8.8368,13.2343,24.0,83,75,2.06,AO,1749179215
262,kindu,-2.95,25.95,19.25,99,75,0.47,CD,1749179383
263,retreat,38.8245,-85.8533,22.11,91,60,2.25,US,1749179384
264,ringkobing,56.0901,8.244,12.54,97,100,5.74,DK,1749179385
265,crane,31.3974,-102.3501,24.29,67,100,14.56,US,1749179386
266,bonthe,7.5264,-12.505,25.3,87,99,0.91,SL,1749179387
267,malanje,-9.5402,16.341,13.74,72,0,1.36,AO,1749179390
268,tornio,65.8481,24.1466,9.01,84,43,3.39,FI,1749179391
269,luderitz,-26.6481,15.1594,13.36,72,0,3.81,NA,1749179392
270,callao,-12.0667,-77.15,18.18,82,100,3.6,PE,1749179338
271,shaffa,10.5067,12.3332,24.44,53,0,3.08,NG,1749179395
272,mejit,10.2753,170.8646,27.76,73,53,1.76,MH,1749179396
273,garwolin,51.8975,21.6147,16.19,89,100,3.19,PL,1749179397
274,watford city,47.8022,-103.2832,12.92,62,14,4.12,US,1749179192
275,las terrenas,19.311,-69.5428,25.24,82,98,3.49,DO,1749179107
276,dobrinka,52.1653,40.4731,15.22,73,2,0.97,RU,1749179401
277,kichmengskiy gorodok,59.9816,45.7854,14.16,72,48,2.1,RU,1749179402
278,nishinoomote,30.7333,131.0,26.74,57,7,4.77,JP,1749179403
279,constantia,44.1833,28.65,16.5,96,7,3.74,RO,1749179404
280,iskateley,67.6803,53.1512,6.76,68,0,4.56,RU,1749179405
281,enewetak,11.3474,162.3373,27.85,73,43,5.2,MH,1749179406
282,masterton,-40.9597,175.6575,9.47,66,100,1.66,NZ,1749179408
283,aqaba,29.5267,35.0078,25.92,44,0,6.17,JO,1749179409
284,pechora,65.1472,57.2244,3.43,69,78,1.98,RU,1749179410
285,sao tome,0.3365,6.7273,25.41,83,69,3.05,ST,1749179411
286,lazarevskoye,43.9061,39.3331,16.48,81,0,2.32,RU,1749179412
287,kasempa,-13.4584,25.8338,11.22,80,0,2.92,ZM,1749179413
288,utrik,11.2278,169.8474,27.65,75,16,3.22,MH,1749179414
289,zhelezinka,53.54,75.3072,22.27,56,46,3.17,KZ,1749179415
290,ust'-uda,54.1742,103.0304,18.4,35,84,1.59,RU,1749179416
291,polygyros,40.3744,23.4383,20.92,68,53,1.92,GR,1749179418
292,zapolyarnyy,69.4154,30.8136,10.6,85,4,7.06,RU,1749179419
293,bela,25.9333,81.9833,35.16,23,0,1.13,IN,1749179420
294,sur,22.5667,59.5289,30.3,53,1,5.73,OM,1749179421
295,jurbarkas,55.0778,22.7664,15.23,98,100,3.06,LT,1749179422
296,olonkinbyen,70.9221,-8.7187,1.0,98,100,8.1,SJ,1749179423
297,porto novo,6.4965,2.6036,25.38,88,65,2.16,BJ,1749179425
298,kashgar,39.4547,75.9797,26.56,17,0,3.0,CN,1749179426
299,peniche,39.3558,-9.3811,19.0,82,71,7.14,PT,1749179427
300,hobyo,5.3505,48.5268,25.64,80,71,8.78,SO,1749179428
301,dompu,-8.5356,118.4622,29.74,67,64,2.77,ID,1749179429
302,okha,53.5739,142.9478,3.97,97,100,4.02,RU,1749179430
303,waddan,29.1614,16.139,26.33,24,3,7.27,LY,1749179431
304,nova sintra,14.8667,-24.7167,23.94,79,2,5.68,CV,1749179433
305,new plymouth,-39.0667,174.0833,11.84,100,100,1.73,NZ,1749179434
306,dauphin,51.1494,-100.0502,14.76,45,29,2.75,CA,1749179435
307,yanchep,-31.55,115.6833,17.75,57,4,3.25,AU,1749179436
308,kibaya,-5.3,36.5667,14.66,89,97,1.47,TZ,1749179437
309,gudibanda,13.6694,77.6983,25.11,66,95,4.57,IN,1749179438
310,saint-joseph,-21.3667,55.6167,22.21,80,23,4.58,RE,1749179440
311,vaasa,63.096,21.6158,9.97,84,0,4.63,FI,1749179442
312,ust-tsilma,65.441,52.1498,8.37,58,2,2.13,RU,1749179443
313,nieuw amsterdam,5.8833,-55.0833,24.66,93,97,3.23,SR,1749179444
314,walvis bay,-22.9575,14.5053,14.04,75,0,1.74,NA,1749179404
315,port-vila,-17.7338,168.3219,25.78,53,20,6.17,VU,1749179394
316,batie,9.8833,-2.9167,23.17,88,23,2.32,BF,1749179447
317,keflavik,64.0049,-22.5624,3.24,70,40,6.69,IS,1749179449
318,lodja,-3.4833,23.4333,20.05,92,93,0.71,CD,1749179451
319,flin flon,54.7682,-101.865,15.07,41,100,2.83,CA,1749179452
320,cot,9.8945,-83.873,16.28,90,100,1.36,CR,1749179453
321,mbuji-mayi,-6.15,23.6,21.37,69,33,0.38,CD,1749179454
322,tolanaro,-25.0319,46.9987,20.05,79,100,3.52,MG,1749179456
323,flying fish cove,-10.4217,105.6791,27.91,72,83,6.35,CX,1749179457
324,chipurupalle,18.3,83.5667,32.18,61,94,0.35,IN,1749179458
325,ciudad lazaro cardenas,17.9583,-102.2,27.9,80,20,2.26,MX,1749179459
326,san german,18.0816,-67.0449,25.74,63,18,2.83,PR,1749179460
327,punta del este,-34.9667,-54.95,10.49,89,0,1.34,UY,1749179461
328,novoagansk,61.9449,76.6625,19.47,70,48,2.58,RU,1749179463
329,cockburn town,21.4612,-71.1419,26.64,81,100,7.47,TC,1749179464
330,berdigestyakh,62.0989,126.6992,15.13,55,100,0.67,RU,1749179465
331,kargil,34.5667,76.1,7.7,31,0,1.98,IN,1749179466
332,maloye ganyushkino,46.6,49.2667,19.06,60,100,9.27,KZ,1749179467
333,vilhena,-12.7406,-60.1458,21.69,67,63,1.35,BR,1749179346
334,xianyang,34.3378,108.7026,30.58,39,0,2.0,CN,1749179470
335,zahedan,29.4963,60.8629,27.95,32,7,6.17,IR,1749179471
336,merizo village,13.2658,144.6691,24.31,80,91,6.09,GU,1749179472
337,mogocha,53.7333,119.7667,10.68,69,100,4.19,RU,1749179473
338,gagliano del capo,39.8442,18.3695,17.68,76,0,1.82,IT,1749179474
339,christchurch,-43.5333,172.6333,7.73,81,100,6.17,NZ,1749179179
340,tromso,69.6496,18.957,9.01,81,75,1.54,NO,1749179477
341,buka,40.8108,69.1986,28.27,28,75,3.74,UZ,1749179479
342,punata,-17.55,-65.8333,11.63,61,3,3.07,BO,1749179480
343,ta`u,-14.2336,-169.5144,27.54,75,73,4.86,AS,1749179481
344,san fernando,15.0286,120.6898,33.85,71,100,2.26,PH,1749179482
345,chonchi,-42.6128,-73.8092,6.18,92,1,0.99,CL,1749179484
346,wailea,19.8858,-155.123,25.62,85,100,2.57,US,1749179485
347,cidreira,-30.1811,-50.2056,15.23,86,39,4.11,BR,1749179486
348,jidong,45.2167,131.0833,22.31,33,21,7.6,CN,1749179488
349,rio grande,-32.035,-52.0986,12.15,74,0,3.88,BR,1749179406
350,alaghsas,17.0187,8.0168,30.72,27,100,2.98,NE,1749179472
351,vyazemskiy,47.5378,134.7525,19.56,46,28,4.81,RU,1749179491
352,lashio,22.9333,97.75,27.01,69,55,0.95,MM,1749179282
353,atamyrat,37.8357,65.2106,24.67,29,100,8.79,TM,1749179493
354,hermanus,-34.4187,19.2345,12.41,80,58,3.08,ZA,1749179494
355,tangalle,6.024,80.7911,29.13,82,20,4.39,LK,1749179495
356,bardai,11.65,7.2333,26.14,55,66,4.34,NG,1749179497
357,capoterra,39.1763,8.9718,20.83,85,0,1.03,IT,1749179498
358,opuwo,-18.0607,13.84,14.12,43,0,1.06,NA,1749179499
359,ebon,4.582,168.6964,27.71,73,92,2.77,MH,1749179500
360,el bolson,-41.9667,-71.5167,2.89,85,2,1.65,AR,1749179501
361,lyantor,61.6195,72.1555,15.06,80,42,6.9,RU,1749179502
362,yazoo city,32.8551,-90.4056,26.03,88,18,2.19,US,1749179228
363,sarh,9.1429,18.3923,25.31,59,3,3.04,TD,1749179504
364,sinabang,2.4803,96.3801,28.36,75,100,1.38,ID,1749179506
365,cascais,38.6979,-9.4215,18.06,74,35,0.89,PT,1749179508
366,punta arenas,-53.15,-70.9167,6.06,87,0,2.57,CL,1749179430
367,la passe,45.5549,-0.8967,17.38,93,79,5.89,FR,1749179511
368,ylitornio,66.3089,23.6773,8.63,86,40,2.39,FI,1749179512
369,janeng,-25.4167,25.55,8.68,86,3,4.28,BW,1749179513
370,belmonte,-15.8631,-38.8828,21.85,85,1,0.73,BR,1749179514
371,shadegan,30.6497,48.6647,26.17,25,0,3.28,IR,1749179515
372,fort bragg,35.139,-79.006,22.91,97,100,1.54,US,1749179516
373,ardakan,32.31,54.0175,21.46,31,1,5.09,IR,1749179517
374,fort st. john,56.2499,-120.8529,16.79,54,84,7.03,CA,1749179241
375,tsiombe,-25.3,45.4833,19.92,70,16,5.56,MG,1749179520
376,qamdo,31.1667,97.2333,19.82,43,2,1.87,CN,1749179521
377,al khawr,25.7667,51.3167,29.24,36,0,4.53,QA,1749179522
378,naze,28.3667,129.4833,26.2,67,56,4.33,JP,1749179523
379,santa cruz,-17.8,-63.1667,21.7,78,75,3.6,BO,1749179458
380,cabo san lucas,22.8909,-109.9124,28.17,47,0,6.69,MX,1749179319
381,gidam,18.9833,81.4,31.73,51,69,0.55,IN,1749179527
382,sisimiut,66.9395,-53.6735,1.39,91,90,0.95,GL,1749179528
383,celestun,20.8667,-90.4,29.26,60,100,5.74,MX,1749179529
384,prado,-17.3411,-39.2208,22.31,89,0,3.24,BR,1749179530
385,saint-francois,46.4154,3.9054,17.03,83,20,1.03,FR,1749179531
386,rosarito,32.3333,-117.0333,17.51,83,10,4.54,MX,1749179361
387,pacific grove,36.6177,-121.9166,15.76,90,0,4.63,US,1749179533
388,new norfolk,-42.7826,147.0587,13.08,57,99,2.44,AU,1749179534
389,brisas de zicatela,15.8369,-97.0419,27.29,83,75,2.06,MX,1749179536
390,nuku'alofa,-21.1333,-175.2,27.19,89,40,5.14,TO,1749179537
391,priladozhskiy,59.85,31.4833,15.3,1,100,1.48,RU,1749179538
392,yeniseysk,58.4497,92.1703,23.76,36,12,3.95,RU,1749179539
393,wamba,8.9333,8.6,23.15,89,22,0.95,NG,1749179543
394,codrington,-38.2667,141.9667,8.64,88,100,11.17,AU,1749179544
395,bikenibeu village,1.3673,173.1241,29.98,74,75,2.06,KI,1749179545
396,kolonia town,6.964,158.206,31.11,70,75,2.57,FM,1749179547
397,mancio lima,-7.6142,-72.8958,22.88,88,35,1.09,BR,1749179548
398,mar del plata,-38.0023,-57.5575,8.3,52,0,3.58,AR,1749179549
399,dzuunharaa,48.8523,106.4579,17.45,31,2,3.93,MN,1749179550
400,chaah,2.249,103.048,27.24,86,100,0.4,MY,1749179551
401,cuajinicuilapa,16.4667,-98.4167,26.96,84,66,1.58,MX,1749179552
402,sungailiat,-1.85,106.1333,30.31,66,72,3.6,ID,1749179553
403,maragogi,-9.0122,-35.2225,23.24,87,4,2.37,BR,1749179337
404,newcastle,-32.9272,151.7765,17.1,62,0,3.6,AU,1749179556
405,castillos,-34.1667,-53.8333,6.35,86,0,1.47,UY,1749179557
406,mugia,43.1041,-9.2179,17.17,91,100,3.77,ES,1749179558
407,kailua-kona,19.6406,-155.9956,26.98,83,100,4.12,US,1749179559
408,ponta delgada,37.7333,-25.6667,18.44,88,75,1.54,PT,1749179560
409,ljusdal,61.8288,16.0913,9.7,68,100,2.37,SE,1749179561
410,gulf shores,30.246,-87.7008,28.34,73,0,3.19,US,1749179563
411,saldanha,-33.0117,17.9442,12.48,85,18,3.27,ZA,1749179564
412,union,40.6334,-74.2663,26.94,69,0,3.13,US,1749179565
413,guaranda,-1.6,-79.0,12.67,86,95,2.21,EC,1749179408
414,zhanaozen,43.3,52.8,18.81,64,45,7.88,KZ,1749179567
415,trapani,37.8333,12.6667,21.82,56,5,1.97,IT,1749179570
416,kapuskasing,49.4169,-82.4331,13.89,41,82,2.48,CA,1749179571
417,selfoss,63.9331,-20.9971,3.91,55,7,3.85,IS,1749179572
418,lundazi,-12.2929,33.1782,14.11,89,1,3.28,ZM,1749179573
419,male,4.1748,73.5089,29.97,79,40,4.63,MV,1749179575
420,takoradi,4.8845,-1.7554,24.87,89,87,2.46,GH,1749179576
421,amursk,50.2261,136.8994,5.0,95,100,2.4,RU,1749179415
422,aasiaat,68.7098,-52.8699,1.6,85,99,1.26,GL,1749179578
423,margate,51.3813,1.3862,11.04,89,14,7.95,GB,1749179509
424,oodweyne,9.4092,45.064,22.26,65,62,6.88,SO,1749179582
425,sitka,57.0531,-135.33,9.11,83,99,1.71,US,1749179583
426,namibe,-15.1961,12.1522,19.89,70,0,2.86,AO,1749179584
427,kayangel,8.0823,134.7173,28.11,77,85,3.41,PW,1749179585
428,zeya,53.75,127.2667,13.76,54,100,1.05,RU,1749179586
429,taroa,8.7058,171.2275,27.78,73,96,1.41,MH,1749179587
430,dordrecht,51.81,4.6736,13.96,93,100,3.13,NL,1749179386
431,lionel town,17.8101,-77.2406,27.99,79,30,3.96,JM,1749179590
432,idrinskoye,54.3708,92.1358,22.63,62,0,1.98,RU,1749179591
433,baihe,22.15,107.2333,30.57,63,60,3.47,CN,1749179592
434,chengdu,30.6667,104.0667,25.94,61,100,1.0,CN,1749179593
435,serhiyivka,46.0272,30.3768,19.14,68,7,2.75,UA,1749179594
436,nurlat,54.4277,50.8051,13.5,76,0,3.96,RU,1749179595
437,katsuren-haebaru,26.3369,127.8719,27.27,83,75,6.17,JP,1749179596
438,siasi,5.5462,120.8145,27.78,72,98,3.9,PH,1749179597
439,dalandzadgad,43.5708,104.425,23.9,15,100,3.15,MN,1749179600
440,skhira,34.2992,10.07,22.7,66,0,4.08,TN,1749179601
441,greymouth,-42.4667,171.2,10.24,64,97,2.24,NZ,1749179602
442,igarka,67.4667,86.5833,17.44,74,85,7.32,RU,1749179603
443,arkhangel'sk,64.5401,40.5433,14.06,67,40,3.0,RU,1749179604
444,australind,-33.2667,115.7167,17.43,56,57,1.07,AU,1749179605
445,semirom,31.4167,51.5667,9.49,40,0,1.71,IR,1749179606
446,yekaterinovka,52.0508,44.3451,14.52,80,0,3.3,RU,1749179608
447,ndele,8.4109,20.6473,24.31,63,100,2.91,CF,1749179609
448,outjo,-20.1167,16.15,13.52,38,0,2.86,NA,1749179610
449,altay,47.8667,88.1167,23.72,33,81,2.16,CN,1749179611
450,collie,-33.3667,116.15,16.14,53,0,0.29,AU,1749179612
451,zhangye,38.9342,100.4517,28.97,12,100,1.61,CN,1749179613
452,tacuarembo,-31.7333,-55.9833,6.97,86,0,1.39,UY,1749179431
453,baykalovo,57.3981,63.7684,14.4,67,7,2.58,RU,1749179615
454,saipan,15.1355,145.701,31.39,73,40,5.36,MP,1749179391
455,hargeysa,9.56,44.065,20.42,67,53,11.17,SO,1749179618
456,salaqi,40.5414,110.5108,26.16,20,58,1.6,CN,1749179619
457,dwarka,22.2394,68.9678,29.34,69,0,4.69,IN,1749179620
458,swift current,50.2834,-107.8014,18.7,32,47,3.35,CA,1749179621
459,lethem,3.3803,-59.7968,25.36,80,100,3.2,GY,1749179622
460,yelizovo,53.1873,158.3805,7.08,87,75,3.0,RU,1749179623
461,natal,-5.795,-35.2094,25.12,94,20,3.09,BR,1749179525
462,aleksandrovsk-sakhalinskiy,50.8975,142.1561,4.07,99,100,2.39,RU,1749179626
463,kalevala,65.2,31.1667,12.78,87,100,2.18,RU,1749179627
464,yemva,62.59,50.8594,13.24,51,0,1.1,RU,1749179628
465,tongchuanshi,35.0806,109.0897,29.94,27,100,2.14,CN,1749179629
466,vicuna,-30.0319,-70.7081,15.74,35,35,0.45,CL,1749179630
467,taoudenni,22.6783,-3.9836,29.87,12,0,4.15,ML,1749179632
468,kingston,17.997,-76.7936,28.53,68,20,2.57,JM,1749179633
469,nouna,12.7333,-3.8667,29.76,51,87,3.99,BF,1749179634
470,bayanhongor,46.7167,100.1167,12.65,47,100,0.93,MN,1749179635
471,lata,40.1629,-8.3327,9.72,93,84,1.0,PT,1749179637
472,puerto lempira,15.2667,-83.7667,25.6,87,94,3.67,HN,1749179639
473,figuig (centre),32.1089,-1.2286,25.01,26,66,2.26,MA,1749179640
474,somerset,40.5668,-74.5496,25.61,77,0,0.45,US,1749179637
475,villa ocampo,-28.4875,-59.3551,13.09,93,78,2.88,AR,1749179642
476,egilsstadir,65.2653,-14.3948,2.06,76,99,5.04,IS,1749179643
477,nizwa,22.9333,57.5333,27.66,44,1,1.45,OM,1749179644
478,musafir-khana,26.3667,81.8,34.15,26,1,1.62,IN,1749179646
479,qacha's nek,-30.1154,28.6894,5.42,77,2,3.16,LS,1749179648
480,lere,10.387,8.5726,22.61,78,21,2.26,NG,1749179649
481,susanville,40.4163,-120.653,23.91,41,40,5.14,US,1749179650
482,adh dhibiyah,24.5014,45.9686,25.35,15,5,1.82,SA,1749179652
483,la'ie,21.6477,-157.9253,28.3,78,100,2.68,US,1749179653
484,enriquillo,17.9,-71.2333,24.31,85,53,4.8,DO,1749179654
485,lawas,13.764,121.0566,31.67,74,100,2.63,PH,1749179655
486,kashmar,35.2383,58.4656,21.16,44,87,2.53,IR,1749179656
487,altamira,-3.2033,-52.2064,23.94,90,97,1.25,BR,1749179657
488,lijiang,26.8688,100.2207,21.13,61,54,1.98,CN,1749179658
489,aras-asan,8.8908,126.3033,29.25,71,100,1.27,PH,1749179660
490,chebba,35.2372,11.115,21.74,76,2,4.32,TN,1749179661
491,bunbury,-33.3333,115.6333,17.01,58,66,1.45,AU,1749179662
492,al wasitah,29.3378,31.2056,21.56,60,0,5.28,EG,1749179663
493,par naogaon,24.8029,88.9508,32.11,56,12,0.86,BD,1749179664
494,onguday,50.75,86.15,21.65,55,15,1.16,RU,1749179665
495,vernon,50.2581,-119.2691,24.69,38,95,1.36,CA,1749179666
496,tanah rata,4.475,101.3704,19.14,80,100,1.22,MY,1749179667
497,charlestown,-32.95,151.6667,17.07,62,71,3.13,AU,1749179555
498,alvaraes,-3.2208,-64.8042,23.15,99,100,1.41,BR,1749179670
499,agat village,13.3886,144.6585,24.52,94,100,4.63,GU,1749179671
500,darhan,49.4867,105.9228,18.19,33,0,3.02,MN,1749179672
501,aleg,17.0481,-13.9209,28.76,43,3,5.46,MR,1749179673
502,prince rupert,54.3161,-130.3201,11.05,93,100,3.6,CA,1749179674
503,lae,-6.7221,146.9847,23.03,94,92,2.71,PG,1749179675
504,nuevitas,21.5453,-77.2644,26.41,84,100,5.33,CU,1749179677
505,wajir,1.7471,40.0573,22.77,79,64,4.63,KE,1749179678
506,el tarf,36.7672,8.3138,21.98,60,6,2.45,DZ,1749179679
507,sechura,-5.5569,-80.8222,21.04,75,10,6.65,PE,1749179680
508,balqash,46.8481,74.995,26.33,27,0,7.0,KZ,1749179681
509,santa isabel,-23.3156,-46.2214,17.61,92,100,1.77,BR,1749179533
510,takab,36.4009,47.1133,10.63,54,0,1.34,IR,1749179685
511,bouarfa,32.53,-1.95,20.7,33,46,1.0,MA,1749179686
512,vila franca do campo,37.7167,-25.4333,18.27,99,87,2.12,PT,1749179687
513,temerluh,3.4506,102.4176,28.48,91,100,0.89,MY,1749179689
514,homer,59.6425,-151.5483,11.93,73,0,4.12,US,1749179575
515,shibetsu,43.659,145.132,18.53,73,100,8.42,JP,1749179691
516,ashland,40.8167,-82.2665,19.59,98,85,2.37,US,1749179468
517,esmeraldas,-19.7625,-44.3139,17.52,73,31,1.03,BR,1749179698
518,sarny,51.338,26.6019,18.43,88,89,2.85,UA,1749179699
519,bentota,6.4254,79.9948,28.41,80,4,4.96,LK,1749179700
520,shambu,9.5667,37.1,9.58,86,14,0.4,ET,1749179701
521,betio village,1.358,172.9211,30.02,70,92,3.09,KI,1749179702
522,knysna,-34.0363,23.0471,12.07,86,15,2.46,ZA,1749179556
523,naama,33.2667,-0.3167,21.87,33,51,4.26,DZ,1749179704
524,kismayo,-0.3582,42.5454,25.08,85,97,6.54,SO,1749179706
525,khanty-mansiysk,61.0042,69.0019,12.06,66,40,5.0,RU,1749179707
526,san luis de la loma,17.2706,-100.8939,27.89,82,51,0.54,MX,1749179708
527,makary,12.5717,14.4666,29.43,33,2,4.07,CM,1749179709
528,kinango,-4.1372,39.3153,21.61,86,67,3.46,KE,1749179711
529,boguchany,58.3814,97.4531,24.77,36,13,1.47,RU,1749179712
530,farkhar,36.5729,69.8578,24.07,23,13,2.3,AF,1749179714
531,hastings,50.8552,0.5729,13.21,88,3,6.63,GB,1749179715
532,masjed soleyman,31.9364,49.3039,29.04,14,0,1.68,IR,1749179716
533,nabire,-3.3667,135.4833,30.33,65,78,2.08,ID,1749179717
534,mili,6.0815,171.735,28.17,69,53,1.63,MH,1749179718
535,mukalla,14.5425,49.1242,28.89,58,13,1.58,YE,1749179719
536,bria,6.5423,21.9863,20.8,93,100,1.44,CF,1749179720
537,guixi,28.2886,117.2133,30.72,56,0,0.52,CN,1749179722
538,monteagudo,-19.8167,-63.9833,14.82,86,100,0.4,BO,1749179723
539,antalaha,-14.9003,50.2788,22.82,73,66,4.96,MG,1749179726
540,shakawe,-18.3667,21.85,11.36,60,0,2.03,BW,1749179727
541,matipo,-20.2839,-42.3411,16.59,74,66,1.38,BR,1749179728
542,ilabaya,-17.4208,-70.5133,17.34,55,16,0.53,PE,1749179729
543,neelankarai,12.9455,80.2575,32.27,74,20,5.14,IN,1749179730
544,durango,24.8333,-104.8333,18.73,73,98,7.21,MX,1749179702
545,westport,41.1415,-73.3579,23.18,81,0,2.06,US,1749179570
546,bondo,3.8146,23.6866,18.68,96,65,0.4,CD,1749179734
547,segou,13.4317,-6.2157,30.9,45,91,5.58,ML,1749179735
548,massenya,11.4039,16.1705,29.28,26,1,1.79,TD,1749179736
549,anna regina,7.2644,-58.5077,25.83,90,100,3.04,GY,1749179737
550,san luis,-33.295,-66.3356,12.72,50,62,3.11,AR,1749179523
551,zavolzh'ye,56.6428,43.3936,14.25,77,71,2.39,RU,1749179739
552,north bend,43.4065,-124.2243,12.87,100,100,10.8,US,1749179740
553,middelburg,-25.7751,29.4648,7.01,89,0,1.32,ZA,1749179741
554,shakhtinsk,49.71,72.5872,22.43,43,8,3.25,KZ,1749179743
555,ivanteyevka,55.9711,37.9208,15.11,59,92,0.89,RU,1749179744
556,kone,-21.0595,164.8658,22.05,56,78,4.65,NC,1749179745
557,aoulef,26.9667,1.0833,29.57,25,5,4.56,DZ,1749179746
558,constitucion,-35.3333,-72.4167,12.24,71,0,1.79,CL,1749179747
559,nagqu,31.5,92.0,2.35,95,100,2.37,CN,1749179748
560,bata,1.8639,9.7658,24.29,91,77,1.76,GQ,1749179749
561,lewiston orchards,46.3804,-116.9754,25.95,24,0,2.57,US,1749179751
562,insar,53.8653,44.3738,14.42,74,3,0.56,RU,1749179752
563,laojunmiao,39.8333,97.7333,21.45,20,100,5.91,CN,1749179753
564,san jose del guaviare,2.5729,-72.6459,20.55,96,100,0.45,CO,1749179754
565,hafar al-batin,28.4328,45.9708,25.32,20,0,2.57,SA,1749179755
566,ambon,-3.6954,128.1814,31.08,70,40,1.54,ID,1749179756
567,krasnyy kholm,58.0607,37.1203,13.48,97,100,2.21,RU,1749179757
568,aripuana,-9.1667,-60.6333,25.74,68,97,0.76,BR,1749179759
569,alto araguaia,-17.3147,-53.2153,19.14,66,51,0.81,BR,1749179760
570,mount gambier,-37.8333,140.7667,10.01,91,100,6.79,AU,1749179761
571,mantua,45.1667,10.7833,18.88,92,0,0.61,IT,1749179636
